{"app_version":65,"keymap_db_version":13,"fingerprint_map_list":[{"action_list":[],"constraints":[],"constraint_mode":1,"extras":[],"flags":0,"id":0,"enabled":true},{"action_list":[],"constraints":[],"constraint_mode":1,"extras":[],"flags":0,"id":1,"enabled":true},{"action_list":[],"constraints":[],"constraint_mode":1,"extras":[],"flags":0,"id":2,"enabled":true},{"action_list":[],"constraints":[],"constraint_mode":1,"extras":[],"flags":0,"id":3,"enabled":true}],"keymap_list":[{"actionList":[{"data":"com.termux","extras":[],"flags":0,"type":"APP","uid":"a1a07528-6da5-481c-96d0-cd38364f7422"}],"constraintList":[],"constraintMode":1,"flags":0,"id":1,"isEnabled":true,"trigger":{"extras":[],"flags":0,"keys":[{"clickType":0,"deviceId":"io.github.sds100.keymapper.ANY_DEVICE","flags":1,"keyCode":113,"uid":"7e238bef-2c7b-4a75-9e4e-bf1107e39054"},{"clickType":0,"deviceId":"io.github.sds100.keymapper.ANY_DEVICE","flags":1,"keyCode":57,"uid":"a71d092d-19c6-4697-9c0c-392de76df236"},{"clickType":0,"deviceId":"io.github.sds100.keymapper.ANY_DEVICE","flags":0,"keyCode":48,"uid":"f9d7a49c-40be-4869-ab83-d277be9e03a2"}],"mode":0},"uid":"6668b170-adbd-4fa5-b014-159602d0b87e"},{"actionList":[{"data":"org.mozilla.firefox","extras":[],"flags":0,"type":"APP","uid":"31c5e2df-b234-430a-bb2e-117cf69cd0f1"}],"constraintList":[],"constraintMode":1,"flags":0,"id":2,"isEnabled":true,"trigger":{"extras":[],"flags":0,"keys":[{"clickType":0,"deviceId":"io.github.sds100.keymapper.ANY_DEVICE","flags":1,"keyCode":113,"uid":"eee8fc21-955f-4033-8003-6aa96568d3c9"},{"clickType":0,"deviceId":"io.github.sds100.keymapper.ANY_DEVICE","flags":1,"keyCode":57,"uid":"9bfdaaa9-920d-4c1d-81a7-a00c590a42de"},{"clickType":0,"deviceId":"io.github.sds100.keymapper.ANY_DEVICE","flags":0,"keyCode":34,"uid":"03dbd020-acab-40a5-a184-cba961111a11"}],"mode":0},"uid":"d9bacd18-8887-483b-8254-4ac184139e0b"}]}